{
    "Distil BERT" : 0.1580,
    "Indic BERT" : 0.2759426576379787,
    "Tamil BERT" : 0.1037416993464049,
    "XLM Roberta" : 0.2027836134453781
}